{
  "error": "",
  "message": "",
  "request_id": "023c50ace933ba38473a5fb2a7dc8821",
  "response": {
    "order_list": [
      {
        "order_sn": "2404098R48U37H",
        "order_status": "COMPLETED",
        "buyer_user_id": 1170319091,
        "buyer_username": "xt4fdsf96j",
        "currency": "VND",
        "total_amount": 32119,
        "create_time": 1712601591,
        "pay_time": 1712817766,
        "update_time": 1713139948,
        "payment_method": "Cash on Delivery",
        "shipping_carrier": "Giao Hàng Nhanh",
        "fulfillment_flag": "fulfilled_by_local_seller",
        "region": "VN",
        "recipient_address": {
          "name": "P******n",
          "phone": "******64",
          "full_address": "Ấp******",
          "city": "Huyện Phước Long",
          "district": "Xã Phong Thạnh Tây B",
          "state": "Bạc Liêu",
          "region": "VN",
          "zipcode": ""
        },
        "item_list": [
          {
            "item_id": 23620853561,
            "order_item_id": 23620853561,
            "item_name": "Demo Item",
            "item_sku": "SKU-DEMO",
            "model_id": 221404189791,
            "model_name": "Variant A",
            "model_sku": "VAR-A",
            "model_quantity_purchased": 1,
            "model_original_price": 300000,
            "model_discounted_price": 48000
          }
        ],
        "package_list": [
          {
            "package_number": "OFG166300791210964",
            "logistics_status": "LOGISTICS_DELIVERY_DONE",
            "shipping_carrier": "5-Day Delivery (SPX)",
            "parcel_chargeable_weight_gram": 10,
            "item_list": [
              {
                "item_id": 23620853561,
                "order_item_id": 23620853561,
                "model_id": 221404189791,
                "model_quantity": 1,
                "product_location_id": "VN10XX2UZ"
              }
            ]
          }
        ]
      }
    ]
  }
}